{"stats":{"minecraft:broken":{"minecraft:iron_axe":1,"minecraft:stone_axe":1,"minecraft:iron_sword":1,"minecraft:stone_shovel":1},"minecraft:mined":{"minecraft:white_bed":1,"minecraft:cobblestone_stairs":3,"minecraft:sculk_vein":2,"biomesoplenty:desert_grass":1,"minecraft:warped_stairs":1,"biomesoplenty:bush":91,"minecraft:allium":1,"minecraft:grass_block":353,"minecolonies:blockhuttavern":2,"minecraft:coal_block":1,"minecraft:spruce_leaves":1,"minecraft:magma_block":6,"minecraft:raw_iron_block":1,"minecraft:furnace":3,"minecraft:raw_gold_block":3,"minecolonies:blockminecoloniesrack":4,"minecolonies:blockconstructiontape":3,"minecraft:iron_ore":49,"minecraft:fire":15,"minecraft:turtle_egg":2,"minecraft:peony":1,"minecraft:dirt_path":17,"minecraft:oak_stairs":348,"minecraft:pink_tulip":1,"minecraft:stone":128,"minecraft:bone_block":27,"vs_eureka:floater":6,"minecraft:oak_slab":30,"minecraft:flowering_azalea":2,"minecraft:oak_fence":51,"minecraft:crafting_table":4,"minecraft:emerald_ore":1,"minecraft:poppy":1,"minecolonies:blockhutlumberjack":1,"minecraft:campfire":1,"minecraft:andesite_wall":1,"minecraft:stone_slab":2,"minecraft:glass":2,"minecraft:tall_grass":1,"minecraft:cobblestone":163,"minecraft:oak_planks":185,"minecraft:dried_kelp_block":1,"biomesoplenty:sprout":57,"minecraft:cyan_bed":1,"minecraft:sugar_cane":15,"minecraft:wall_torch":2,"minecraft:warped_planks":7,"minecraft:lilac":1,"minecraft:white_carpet":2,"minecraft:warped_hyphae":1,"minecraft:prismarine_brick_stairs":1,"minecraft:grass":78,"minecraft:oak_log":207,"minecraft:coal_ore":44,"minecraft:oak_fence_gate":5,"minecraft:dirt":344,"minecraft:cobweb":12,"minecraft:oak_leaves":195,"minecraft:crimson_hyphae":1,"minecraft:fern":6},"minecraft:killed_by":{"minecolonies:mercenary":1},"minecraft:killed":{"pirates:skeleton_pirate":16,"minecraft:skeleton":7,"minecraft:drowned":1,"minecolonies:mercenary":4,"minecraft:creeper":1,"minecraft:sheep":3,"minecraft:zombie":4,"minecraft:cow":11},"minecraft:crafted":{"minecraft:oak_planks":332,"minecraft:stone_shovel":2,"minecraft:barrel":1,"minecraft:furnace":1,"minecraft:iron_boots":1,"minecraft:iron_axe":1,"minecraft:stone_pickaxe":1,"structurize:sceptergold":1,"minecolonies:resourcescroll":1,"minecraft:cooked_beef":15,"minecraft:oak_slab":12,"minecraft:diamond_sword":1,"minecraft:crafting_table":4,"minecraft:iron_helmet":1,"minecraft:cooked_salmon":12,"minecraft:stone_axe":1,"minecolonies:blockhuttavern":1,"minecraft:air":0,"minecraft:wooden_hoe":2,"minecraft:diamond_pickaxe":1,"minecraft:shield":1,"minecraft:stick":40,"minecraft:oak_stairs":88,"minecraft:stone_sword":1,"minecraft:white_bed":1},"minecraft:picked_up":{"minecraft:coarse_dirt":62,"minecraft:charcoal":2,"minecraft:wheat":5,"minecraft:crafting_table":5,"minecraft:black_carpet":1,"minecraft:allium":1,"minecraft:chainmail_boots":1,"minecraft:stone_slab":1,"minecraft:oak_stairs":172,"minecraft:enchanted_book":1,"minecraft:warped_stairs":1,"minecraft:string":13,"minecraft:moss_carpet":10,"minecraft:item_frame":1,"minecraft:white_carpet":2,"minecraft:experience_bottle":2,"minecraft:beef":15,"minecraft:poppy":1,"minecraft:sugar_cane":46,"minecraft:coal_block":1,"minecraft:furnace":3,"minecraft:stick":9,"minecraft:raw_iron":49,"minecolonies:blockhutlumberjack":1,"minecraft:raw_gold_block":3,"minecraft:oak_fence":24,"minecraft:torch":5,"createloveandwar:raw_sulphur":1,"minecolonies:scepterlumberjack":1,"minecraft:stone_button":4,"minecraft:warped_planks":7,"minecraft:golden_chestplate":3,"minecraft:arrow":28,"minecraft:rotten_flesh":4,"minecraft:gold_ingot":5,"minecraft:mutton":6,"minecraft:white_wool":3,"minecraft:bone_block":27,"minecraft:cobblestone":383,"minecraft:crimson_hyphae":1,"minecraft:magma_block":6,"minecraft:feather":14,"minecraft:salmon":5,"minecraft:leather":8,"minecraft:flint":1,"minecraft:oak_log":133,"minecraft:gunpowder":1,"minecraft:cobblestone_stairs":3,"minecraft:lapis_lazuli":1,"minecraft:map":2,"minecraft:dirt":558,"minecolonies:blockminecoloniesrack":6,"minecraft:cooked_mutton":1,"minecraft:bone":16,"minecraft:apple":3,"minecraft:warped_hyphae":1,"minecraft:bow":2,"minecraft:wheat_seeds":32,"minecraft:oak_fence_gate":4,"minecraft:iron_ingot":4,"minecolonies:blockhuttavern":2,"minecraft:flowering_azalea":2,"minecraft:oak_planks":237,"minecraft:oak_slab":22,"biomesoplenty:toadstool":1,"minecraft:prismarine_brick_stairs":1,"minecraft:raw_iron_block":1,"minecraft:white_bed":1,"minecraft:cyan_bed":1,"minecraft:dried_kelp_block":1,"minecraft:diamond":5,"vs_eureka:floater":6,"waystones:waystone":2,"minecraft:chainmail_leggings":1,"minecraft:emerald":2,"minecraft:oak_sapling":12,"minecraft:coal":70,"minecraft:ender_pearl":1},"minecraft:custom":{"minecraft:mob_kills":47,"minecraft:interact_with_crafting_table":27,"minecraft:open_barrel":5,"minecraft:eat_cake_slice":4,"minecraft:leave_game":4,"minecraft:time_since_death":55471,"minecraft:climb_one_cm":2610,"minecraft:sprint_one_cm":511055,"minecraft:walk_one_cm":717256,"minecraft:damage_blocked_by_shield":790,"minecraft:drop":31,"minecraft:talked_to_villager":1,"minecraft:play_time":262388,"minecraft:deaths":1,"minecraft:sneak_time":1267,"minecraft:walk_under_water_one_cm":3052,"minecraft:jump":3623,"minecraft:walk_on_water_one_cm":12228,"minecraft:total_world_time":262388,"minecraft:interact_with_furnace":10,"minecraft:sleep_in_bed":15,"minecraft:time_since_rest":9700,"minecraft:waystone_activated":1,"minecraft:damage_taken":2755,"minecraft:damage_dealt":9636,"minecraft:swim_one_cm":36630,"minecraft:fly_one_cm":934789,"minecraft:open_chest":22,"minecraft:crouch_one_cm":3386,"minecraft:fall_one_cm":123635},"minecraft:dropped":{"minecraft:oak_slab":20,"minecraft:wheat_seeds":11,"minecraft:cooked_beef":1,"minecraft:oak_log":41,"minecraft:oak_fence":24,"minecraft:feather":14,"minecraft:cobblestone":75,"minecraft:cobblestone_stairs":3,"minecraft:dirt":63,"minecolonies:blockminecoloniesrack":2,"minecraft:stone_button":2,"minecraft:wooden_hoe":2,"minecraft:map":1,"minecraft:oak_stairs":192,"minecolonies:scepterlumberjack":1,"minecraft:oak_planks":191,"minecraft:oak_fence_gate":4,"minecraft:allium":1},"minecraft:used":{"minecraft:moss_carpet":4,"minecraft:stone_shovel":131,"minecraft:bone_block":6,"minecraft:black_carpet":1,"minecraft:shield":17,"minecraft:iron_sword":303,"minecraft:cooked_salmon":12,"minecraft:torch":2,"minecraft:dirt":32,"createloveandwar:tungsten_sword":62,"minecraft:crimson_hyphae":1,"minecraft:iron_axe":291,"minecraft:warped_hyphae":1,"minecraft:warped_stairs":1,"minecraft:bow":9,"minecraft:furnace":1,"minecraft:cooked_beef":22,"minecraft:iron_leggings":1,"minecraft:cooked_mutton":1,"minecraft:water_bucket":4,"minecraft:oak_planks":45,"minecraft:ender_pearl":1,"minecraft:leather_chestplate":1,"minecraft:diamond_axe":557,"vs_eureka:floater":6,"minecolonies:questlog":5,"minecraft:crafting_table":5,"minecolonies:blockminecoloniesrack":2,"minecraft:white_bed":2,"minecraft:warped_planks":7,"minecraft:oak_log":5,"minecraft:diamond_pickaxe":279,"minecraft:apple":2,"minecraft:bread":16,"minecraft:cyan_bed":1,"minecraft:iron_pickaxe":234,"minecraft:map":1,"minecraft:stone_slab":1,"biomesoplenty:toadstool":1,"minecraft:stone_axe":129,"minecraft:cobblestone":6,"travelersbackpack:standard":1,"minecraft:bucket":7,"structurize:sceptergold":10}},"DataVersion":3465}